{
  "name": "o_bicaudatus",
  "R": 13,
  "m": 0.5,
  "s": 0.15,
  "b": [1],
  "dt": 0.05,
  "kernel": [0.5, 0.0938, 0.033, 1.0, 0.2814, 0.033, 0.6667, 0.469, 0.033],
  "genesis_config": [0.15, 0.014],
  "persistence_config": [0.15, 0.014],
  "cells": [
    [
      0.0,
      0.0,
      0.0,
      0.0,
      0.0,
      0.0,
      0.0,
      0.0,
      0.0,
      0.06703603267669678,
      0.0,
      0.0,
      0.0,
      0.0,
      0.0,
      0.0,
      0.0,
      0.0,
      0.0,
      0.0,
      0.0,
      0.0,
      0.0
    ],
    [
      0.0,
      0.0,
      0.0,
      0.0,
      0.0,
      0.0,
      0.02542123943567276,
      0.3473978340625763,
      0.4024079740047455,
      0.37208980321884155,
      0.4104645252227783,
      0.869771420955658,
      0.7445990443229675,
      0.0,
      0.0,
      0.0,
      0.0,
      0.0,
      0.0,
      0.0,
      0.0,
      0.0,
      0.0
    ],
    [
      0.0,
      0.0,
      0.0,
      0.0,
      0.0,
      0.3317016363143921,
      0.23967480659484863,
      0.15910585224628448,
      0.07467051595449448,
      0.0,
      0.0,
      0.0,
      0.0,
      0.09333930909633636,
      0.4714401662349701,
      0.3375539779663086,
      0.02576500177383423,
      0.0,
      0.0,
      0.0,
      0.0,
      0.0,
      0.0
    ],
    [
      0.0,
      0.0,
      0.0,
      0.0,
      0.27233511209487915,
      0.2035035341978073,
      0.1401744782924652,
      0.01051251869648695,
      0.0,
      0.0,
      0.0,
      0.0,
      0.0,
      0.0,
      0.0,
      0.0,
      0.2259068489074707,
      0.17389655113220215,
      0.0,
      0.0,
      0.0,
      0.0,
      0.0
    ],
    [
      0.0,
      0.0,
      0.0,
      0.07060316950082779,
      0.2592966854572296,
      0.18553918600082397,
      0.0628414899110794,
      0.0,
      0.0,
      0.0,
      0.0,
      0.0,
      0.0,
      0.0,
      0.0,
      0.0,
      0.0,
      0.14582288265228271,
      0.17278605699539185,
      0.0,
      0.0,
      0.0,
      0.0
    ],
    [
      0.0,
      0.0,
      0.029295749962329865,
      0.3891291618347168,
      0.4374624490737915,
      0.18871748447418213,
      0.006861591245979071,
      0.0,
      0.0,
      0.0,
      0.0,
      0.0,
      0.0,
      0.0,
      0.0,
      0.0,
      0.0,
      0.0,
      0.18203790485858917,
      0.10156340152025223,
      0.0,
      0.0,
      0.0
    ],
    [
      0.0,
      0.0,
      0.21551665663719177,
      0.5058775544166565,
      0.5206102728843689,
      0.15090754628181458,
      0.0,
      0.0,
      0.0,
      0.0,
      0.0,
      0.0,
      0.0,
      0.0,
      0.0,
      0.0,
      0.0,
      0.0,
      0.14865940809249878,
      0.18960872292518616,
      0.006954205222427845,
      0.0,
      0.0
    ],
    [
      0.0,
      0.0,
      0.33340439200401306,
      0.5716016888618469,
      0.4144256114959717,
      0.0795264020562172,
      0.0,
      0.3113713264465332,
      0.46154117584228516,
      0.46484631299972534,
      0.4956330358982086,
      0.5210201740264893,
      0.1960659623146057,
      0.0,
      0.0,
      0.0,
      0.0,
      0.05826498568058014,
      0.19366678595542908,
      0.208568274974823,
      0.07985230535268784,
      0.0,
      0.0
    ],
    [
      0.0,
      0.0,
      0.383625328540802,
      0.5728031992912292,
      0.4467528462409973,
      0.01818457804620266,
      0.0,
      0.39114901423454285,
      0.5277817249298096,
      0.5442197322845459,
      0.5780103206634521,
      0.6141626238822937,
      0.7978220582008362,
      0.7931094765663147,
      0.3883875608444214,
      0.18821455538272858,
      0.278140664100647,
      0.3823506236076355,
      0.3271688222885132,
      0.226209819316864,
      0.1300029456615448,
      0.0,
      0.0
    ],
    [
      0.0,
      0.0,
      0.2530941069126129,
      0.35114791989326477,
      0.41247835755348206,
      0.14854420721530914,
      0.3743601441383362,
      0.5231460928916931,
      0.5335696935653687,
      0.47416794300079346,
      0.32691511511802673,
      0.33239948749542236,
      0.683619499206543,
      1.0,
      1.0,
      0.7877112627029419,
      0.7705850601196289,
      0.6912234425544739,
      0.43331775069236755,
      0.24024173617362976,
      0.14125755429267883,
      0.01582794263958931,
      0.0
    ],
    [
      0.0,
      0.0,
      0.26785892248153687,
      0.20893727242946625,
      0.0852246806025505,
      0.0,
      0.0,
      0.4318404197692871,
      0.5155726671218872,
      0.5801647305488586,
      0.40499913692474365,
      0.3775712847709656,
      0.6277939081192017,
      0.8675369620323181,
      0.9187530279159546,
      0.800409734249115,
      0.7917150855064392,
      0.62791508436203,
      0.35633841156959534,
      0.20739619433879852,
      0.13184982538223267,
      0.036853957921266556,
      0.0
    ],
    [
      0.0,
      0.0,
      0.2883743643760681,
      0.19122211635112762,
      0.051274240016937256,
      0.0,
      0.0,
      0.0,
      0.10383293777704239,
      0.5208202600479126,
      0.6633809804916382,
      0.7427257299423218,
      1.0,
      1.0,
      0.8768414258956909,
      0.7662690281867981,
      0.7053813338279724,
      0.4361460506916046,
      0.21042737364768982,
      0.1497332751750946,
      0.11357512325048447,
      0.041854847222566605,
      0.0
    ],
    [
      0.0,
      0.0,
      0.3421151041984558,
      0.1833995133638382,
      0.04372110590338707,
      0.0,
      0.0,
      0.0,
      0.0,
      0.0,
      0.186959370970726,
      0.38793104887008667,
      0.7083452343940735,
      0.9091784358024597,
      0.8177671432495117,
      0.7813963294029236,
      0.6751919388771057,
      0.33029136061668396,
      0.14933732151985168,
      0.1319645494222641,
      0.09317520260810852,
      0.032917167991399765,
      0.0
    ],
    [
      0.0,
      0.0,
      0.2274138331413269,
      0.18398886919021606,
      0.07715362310409546,
      0.0,
      0.0,
      0.0,
      0.0,
      0.0,
      0.0,
      0.0,
      0.0,
      0.019393371418118477,
      0.4780021011829376,
      0.7527430057525635,
      0.6539438962936401,
      0.3315979838371277,
      0.16753602027893066,
      0.12749972939491272,
      0.07609202712774277,
      0.003705489682033658,
      0.0
    ],
    [
      0.0,
      0.0,
      0.0,
      0.40100526809692383,
      0.1665024608373642,
      0.0,
      0.0,
      0.0,
      0.0,
      0.0,
      0.0,
      0.0,
      0.0,
      0.0,
      0.03751610592007637,
      0.4589621424674988,
      0.5125806927680969,
      0.29577696323394775,
      0.1660667210817337,
      0.1044512391090393,
      0.04628654941916466,
      0.0,
      0.0
    ],
    [
      0.0,
      0.0,
      0.04153565317392349,
      0.15929949283599854,
      0.46641597151756287,
      0.15333649516105652,
      0.0,
      0.0,
      0.0,
      0.0,
      0.0,
      0.0,
      0.0,
      0.0,
      0.0,
      0.23386529088020325,
      0.3280409276485443,
      0.22271886467933655,
      0.13838425278663635,
      0.059945859014987946,
      0.0,
      0.0,
      0.0
    ],
    [
      0.0,
      0.0,
      0.0,
      0.0,
      0.0,
      0.8024961352348328,
      0.5961291193962097,
      0.0,
      0.0,
      0.0,
      0.0,
      0.0,
      0.0,
      0.0,
      0.01729200780391693,
      0.20744875073432922,
      0.21458843350410461,
      0.15229769051074982,
      0.05661886930465698,
      0.0,
      0.0,
      0.0,
      0.0
    ],
    [
      0.0,
      0.0,
      0.0,
      0.0,
      0.0,
      0.0,
      0.0,
      0.6134071946144104,
      0.5244560241699219,
      0.0015326589345932007,
      0.0,
      0.0,
      0.0,
      0.07365715503692627,
      0.17592079937458038,
      0.20710009336471558,
      0.1222103014588356,
      0.01760277710855007,
      0.0,
      0.0,
      0.0,
      0.0,
      0.0
    ],
    [
      0.0,
      0.0,
      0.0,
      0.0,
      0.0,
      0.0,
      0.0,
      0.0,
      0.0,
