{"name":"Rotator","R":13,"m":0.156,"s":0.0224,"b":[1],"dt":0.05,
  "cells":[[0,0,0,0,0,0,0,0,0.003978,0.016492,0.004714,0,0,0,0,0,0,0,0,0],[0,0,0,0,0,0.045386,0.351517,0.417829,0.367137,0.37766,0.426948,0.431058,0.282864,0.081247,0,0,0,0,0,0],[0,0,0,0,0.325473,0.450995,0.121737,0,0,0,0.003113,0.224278,0.47101,0.456459,0.247231,0.071609,0.013126,0,0,0],[0,0,0,0.386337,0.454077,0,0,0,0,0,0,0,0.27848,0.524466,0.464281,0.242651,0.096721,0.038476,0,0],[0,0,0.258817,0.583802,0.150994,0,0,0,0,0,0,0,0.226639,0.548329,0.550422,0.334764,0.153108,0.087049,0.042872,0],[0,0.008021,0.502406,0.524042,0.059531,0,0,0,0,0,0,0.033946,0.378866,0.615467,0.577527,0.357306,0.152872,0.090425,0.058275,0.023345],[0,0.179756,0.596317,0.533619,0.162612,0,0,0,0,0.015021,0.107673,0.325125,0.594765,0.682434,0.594688,0.381172,0.152078,0.073544,0.054424,0.030592],[0,0.266078,0.614339,0.605474,0.379255,0.195176,0.16516,0.179148,0.204498,0.299535,0.760743,1,1,1,1,0.490799,0.237826,0.069989,0.043549,0.022165],[0,0.333031,0.64057,0.686886,0.60698,0.509866,0.450525,0.389552,0.434978,0.859115,0.94097,1,1,1,1,1,0.747866,0.118317,0.037712,0.006271],[0,0.417887,0.6856,0.805342,0.824229,0.771553,0.69251,0.614328,0.651704,0.843665,0.910114,1,1,0.81765,0.703404,0.858469,1,0.613961,0.035691,0],[0.04674,0.526827,0.787644,0.895984,0.734214,0.661746,0.670024,0.646184,0.69904,0.723163,0.682438,0.618645,0.589858,0.374017,0.30658,0.404027,0.746403,0.852551,0.031459,0],[0.130727,0.658494,0.899652,0.508352,0.065875,0.009245,0.232702,0.419661,0.461988,0.470213,0.390198,0.007773,0,0.010182,0.080666,0.17231,0.44588,0.819878,0.034815,0],[0.198532,0.810417,0.63725,0.031385,0,0,0,0,0.315842,0.319248,0.321024,0,0,0,0,0.021482,0.27315,0.747039,0,0],[0.217619,0.968727,0.104843,0,0,0,0,0,0.152033,0.158413,0.114036,0,0,0,0,0,0.224751,0.647423,0,0],[0.138866,1,0.093672,0,0,0,0,0,0.000052,0.015966,0,0,0,0,0,0,0.281471,0.455713,0,0],[0,1,0.145606,0.005319,0,0,0,0,0,0,0,0,0,0,0,0.016878,0.381439,0.173336,0,0],[0,0.97421,0.262735,0.096478,0,0,0,0,0,0,0,0,0,0,0.013827,0.217967,0.287352,0,0,0],[0,0.593133,0.2981,0.251901,0.167326,0.088798,0.041468,0.013086,0.002207,0.009404,0.032743,0.061718,0.102995,0.1595,0.24721,0.233961,0.002389,0,0,0],[0,0,0.610166,0.15545,0.200204,0.228209,0.241863,0.243451,0.270572,0.446258,0.376504,0.174319,0.154149,0.12061,0.074709,0,0,0,0,0],[0,0,0.354313,0.32245,0,0,0,0.151173,0.479517,0.650744,0.392183,0,0,0,0,0,0,0,0,0],[0,0,0,0.329339,0.328926,0.176186,0.198788,0.335721,0.534118,0.549606,0.361315,0,0,0,0,0,0,0,0,0],[0,0,0,0,0.090407,0.217992,0.190592,0.174636,0.222482,0.375871,0.265924,0,0,0,0,0,0,0,0,0],[0,0,0,0,0,0,0,0,0,0.050256,0.235176,0,0,0,0,0,0,0,0,0],[0,0,0,0,0,0,0,0,0,0,0,0.180145,0.132616,0,0,0,0,0,0,0],[0,0,0,0,0,0,0,0,0,0,0,0,0,0.092581,0.188519,0.118256,0,0,0,0]]
}
