{
  "name": "s613",
  "R": 31,
  "m": 0.15,
  "s": 0.015,
  "b": [1],
  "dt": 0.05,
  "kernel": [0.5, 0.0938, 0.033, 1.0, 0.2814, 0.033, 0.6667, 0.469, 0.033],
  "genesis_config": [0.0621, 0.0088],
  "persistence_config": [0.2151, 0.0369],
  "cells": [
    [
      0.0,
      0.0,
      0.0,
      0.0,
      0.0,
      0.0,
      0.0,
      0.0,
      0.0,
      0.0,
      0.0,
      0.0,
      0.0,
      0.0,
      0.0,
      0.0,
      0.0,
      0.0,
      0.003430008709510002,
      0.011307283698432681,
      0.0045325246912013345,
      0.0,
      0.0,
      0.0,
      0.0,
      0.0,
      0.0,
      0.0,
      0.0,
      0.0,
      0.0,
      0.0
    ],
    [
      0.0,
      0.0,
      0.0,
      0.0,
      0.0,
      0.0,
      0.0,
      0.0,
      0.0,
      0.0,
      0.0,
      0.0,
      0.0,
      0.0,
      0.0,
      0.0,
      0.0,
      0.0,
      0.011285848575995017,
      0.029539884141954232,
      0.0381482426680611,
      0.03305098002934599,
      0.013080956407264433,
      0.0,
      0.0,
      0.0,
      0.0,
      0.0,
      0.0,
      0.0,
      0.0,
      0.0
    ],
    [
      0.0,
      0.0,
      0.0,
      0.0,
      0.0,
      0.0,
      0.0,
      0.0,
      0.0,
      0.0,
      0.0,
      0.01212665639623396,
      0.02557840462022183,
      0.03128145175423158,
      0.031047776069132428,
      0.02834606807289393,
      0.0269731092481478,
      0.02933763736193913,
      0.03698005019564741,
      0.04824923024459043,
      0.05769859660838528,
      0.06054057546066132,
      0.05377192830244473,
      0.034483995353914665,
      0.0022149538624776977,
      0.0,
      0.0,
      0.0,
      0.0,
      0.0,
      0.0,
      0.0
    ],
    [
      0.0,
      0.0,
      0.0,
      0.0,
      0.0,
      0.0,
      0.0,
      0.0,
      0.0,
      0.02924118035993366,
      0.06222815632675982,
      0.08374947859072777,
      0.10277524503356261,
      0.10842624072153981,
      0.09865880454274165,
      0.09551195502896402,
      0.09108864965472896,
      0.08567180894319754,
      0.08121671113643736,
      0.07924851729093144,
      0.07905886675618884,
      0.07826912152369003,
      0.07490383636536387,
      0.06639089475788584,
      0.04785426144339888,
      0.01468595772556791,
      0.0,
      0.0,
      0.0,
      0.0,
      0.0,
      0.0
    ],
    [
      0.0,
      0.0,
      0.0,
      0.0,
      0.0,
      0.0,
      0.0,
      0.0,
      0.01228943592799845,
      0.06534620469157182,
      0.15705509436143897,
      0.22211072562745365,
      0.25087616433281923,
      0.25291774807064143,
      0.23574835403483196,
      0.20843908574107434,
      0.17208225775817645,
      0.13604841115112698,
      0.11631328661228575,
      0.10832924433336028,
      0.10125178844027816,
      0.09438224187679162,
      0.08866585810520507,
      0.08274470471864251,
      0.07396804739317124,
      0.055066752227769404,
      0.01818441299239928,
      0.0,
      0.0,
      0.0,
      0.0,
      0.0
    ],
    [
      0.0,
      0.0,
      0.0,
      0.0,
      0.0,
      0.0,
      0.0,
      0.00703173428225924,
      0.10754062400595085,
      0.221693257178919,
      0.31297390780537404,
      0.36117697741461957,
      0.37057930461913646,
      0.35618122723012957,
      0.3320058133091606,
      0.30423956554250653,
      0.27643396509358364,
      0.2424168915921137,
      0.20357361093805637,
      0.14405749875863433,
      0.12416905304974446,
      0.1171615175077674,
      0.10629637463521625,
      0.09562781099610335,
      0.0876098453473774,
      0.07834285021474129,
      0.055981091309515986,
      0.01048661602741634,
      0.0,
      0.0,
      0.0,
      0.0
    ],
    [
      0.0,
      0.0,
      0.0,
      0.0,
      0.0,
      0.0,
      0.05312400737679136,
      0.18561574802473163,
      0.31901119318288323,
      0.39527613798374206,
      0.4099506292645088,
      0.4024282295378789,
      0.3941729438294438,
      0.3826627897946663,
      0.3674545271272442,
      0.3513603875267148,
      0.3364211353332617,
      0.3174820693194019,
      0.28604668230212255,
      0.24160144506890074,
      0.16570582094042655,
      0.12921285587090633,
      0.12334556610064912,
      0.11208112098302664,
      0.10246559978435212,
      0.09349205644130475,
      0.07900123215965885,
      0.047765737285927284,
      0.0,
      0.0,
      0.0,
      0.0
    ],
    [
      0.0,
      0.0,
      0.0,
      0.0,
      0.0,
      0.061984725213082514,
      0.2333926559709104,
      0.3293308588837567,
      0.30320308711866667,
      0.20402817546136093,
      0.13545085402542711,
      0.14676579767845,
      0.2075692518202784,
      0.2641007998934579,
      0.3001912090740029,
      0.3215548622982746,
      0.3340435849357084,
      0.3423105717516354,
      0.3357549012183248,
      0.3086037868472363,
      0.2562819320978258,
      0.1729548799433801,
      0.1309476466776529,
      0.12585831655425347,
      0.11641654426963867,
      0.10927219284189434,
      0.09607712549305703,
      0.07269962965868464,
      0.025192165948205416,
      0.0,
      0.0,
      0.0
    ],
    [
      0.0,
      0.0,
      0.0,
      0.0,
      0.04461176196533573,
      0.23596106023353894,
      0.2742825610233855,
      0.15864845553322227,
      0.0048937357592978015,
      0.0,
      0.0,
      0.0,
      0.0,
      0.0720167351923542,
      0.14556153610804984,
      0.20606609958054786,
      0.2616966091200754,
      0.30493240955613404,
      0.33308809854408405,
      0.3316969883375438,
      0.3081915573722669,
      0.25069968647624474,
      0.16228867534537608,
      0.13141379753459,
      0.12712021855324426,
      0.12150888253667114,
      0.1136233014876653,
      0.0872708406893868,
      0.05283319716273321,
      0.0,
      0.0,
      0.0
    ],
    [
      0.0,
      0.0,
      0.0,
      0.0,
      0.18714550661631957,
      0.2672810731529968,
      0.15469128336926996,
      0.0103810157080928,
      0.0,
      0.0,
      0.0,
      0.0034676160588464483,
      0.017480430340930067,
      0.014334932472839124,
      0.024348287365058938,
      0.07858363126610352,
      0.15473376830427538,
      0.23197349366600828,
      0.29296328466900967,
      0.320757159604935,
      0.32213246102921017,
      0.2959536466286499,
      0.23153986968376222,
      0.12899271917153335,
      0.13131722376582144,
      0.12987004902815993,
      0.1253674799802769,
      0.10603437040799418,
      0.07153865665801051,
      0.014043256505077074,
      0.0,
      0.0
    ],
    [
      0.0,
      0.0,
      0.0,
      0.03691174587252668,
      0.24630545462638126,
      0.23909074836075037,
      0.09751577043120077,
      0.020564682362353648,
      0.020711716933332153,
      0.061335374391848274,
      0.09835481894760992,
      0.11803248571758326,
      0.10761069990556996,
      0.08588954160104832,
      0.06863797952733386,
      0.048750336681537124,
      0.08184174415524634,
      0.16500263835616275,
      0.24384838172550655,
      0.29331466649599663,
      0.31510701905280225,
      0.3137130254903242,
      0.27206319573342364,
      0.18608096128215385,
      0.13001653400450863,
      0.1332680191413484,
      0.13255793600911897,
      0.11875584417330078,
      0.08275966817816663,
      0.03470884406455719,
      0.0,
      0.0
    ],
    [
      0.0,
      0.0,
      0.0,
      0.09532435183882632,
      0.2645210381375819,
      0.21539370556014087,
      0.08416796908113497,
      0.04833793458526424,
      0.07657338750720909,
      0.11738451000615796,
      0.13187513098188489,
      0.0965812921560314,
      0.02856879800828832,
      0.0,
      0.025565213112319143,
      0.058526570400642255,
      0.046954785112523725,
      0.11885727338271625,
      0.1970557900782391,
      0.26119908416208953,
      0.3012469495483348,
      0.3202155884227817,
      0.29595323392962714,
      0.2188728757686349,
      0.12669540627824608,
