{
  "name": "scutium_gravidus",
  "R": 13,
  "m": 0.5,
  "s": 0.15,
  "b": [1],
  "dt": 0.05,
  "genesis_config": [0.283, 0.0369],
  "persistence_config": [0.283, 0.0369],
  "cells": [
    [
      0.0,
      0.0,
      0.0,
      0.0,
      0.0,
      0.0,
      0.0,
      2.90444028e-2,
      5.79068661e-2,
      5.03332727e-2,
      1.53896092e-2,
      0.0,
      0.0,
      0.0,
      0.0,
      0.0,
      0.0,
      0.0
    ],
    [
      0.0,
      0.0,
      0.0,
      0.0,
      0.0,
      7.06499591e-2,
      2.10370913e-1,
      3.27635765e-1,
      3.61473829e-1,
      2.86303461e-1,
      1.33283466e-1,
      5.68311196e-3,
      0.0,
      0.0,
      0.0,
      0.0,
      0.0,
      0.0
    ],
    [
      0.0,
      0.0,
      0.0,
      1.967448e-2,
      1.64457381e-1,
      3.68738353e-1,
      5.42391539e-1,
      6.5197587e-1,
      6.60465479e-1,
      5.45117855e-1,
      5.5896306e-1,
      7.29476511e-1,
      6.93618119e-1,
      3.88334036e-1,
      1.24580197e-1,
      0.0,
      0.0,
      0.0
    ],
    [
      0.0,
      0.0,
      2.74803769e-2,
      2.00583428e-1,
      4.13397163e-1,
      5.81165075e-1,
      7.20980704e-1,
      8.34376872e-1,
      8.99975479e-1,
      1.0,
      1.0,
      1.0,
      9.72932518e-1,
      6.80781066e-1,
      3.93318266e-1,
      1.43351525e-1,
      0.0,
      0.0
    ],
    [
      0.0,
      8.30639619e-3,
      1.79995e-1,
      3.84538323e-1,
      5.16424775e-1,
      6.21133566e-1,
      7.54783988e-1,
      9.34051394e-1,
      1.0,
      1.0,
      1.0,
      1.0,
      1.0,
      9.69524086e-1,
      7.65460074e-1,
      4.94160146e-1,
      2.34597266e-1,
      0.0
    ],
    [
      0.0,
      1.04844227e-1,
      3.18385273e-1,
      4.40052927e-1,
      4.96577799e-1,
      5.8722645e-1,
      7.56429434e-1,
      1.0,
      1.0,
      1.0,
      1.0,
      1.0,
      1.0,
      1.0,
      9.84924376e-1,
      8.42226028e-1,
      5.94990015e-1,
      3.19637239e-1
    ],
    [
      1.30053638e-2,
      2.15068638e-1,
      3.86341006e-1,
      4.31742609e-1,
      4.67860281e-1,
      5.78213453e-1,
      7.8678304e-1,
      1.0,
      1.0,
      1.0,
      1.0,
      1.0,
      1.0,
      1.0,
      8.96426022e-1,
      6.64120674e-1,
      4.86109436e-1,
      3.11416626e-1
    ],
    [
      5.77112958e-2,
      2.96652764e-1,
      4.19541419e-1,
      4.35441047e-1,
      4.88102764e-1,
      6.36490226e-1,
      8.6858964e-1,
      1.0,
      9.92928863e-1,
      9.82971668e-1,
      9.74596679e-1,
      9.84984934e-1,
      5.99076033e-1,
      2.23412633e-1,
      4.04241085e-1,
      4.97439533e-1,
      3.84557962e-1,
      1.16892509e-1
    ],
    [
      1.03894629e-1,
      3.44529122e-1,
      4.5073396e-1,
      4.83426243e-1,
      5.77235639e-1,
      7.66431212e-1,
      1.0,
      9.79639292e-1,
      9.23950791e-1,
      8.29630792e-1,
      6.96772873e-1,
      5.33726156e-1,
      1.22009426e-1,
      0.0,
      1.08189255e-1,
      3.10871005e-1,
      3.53042185e-1,
      1.62703335e-1
    ],
    [
      1.21819533e-1,
      3.87935936e-1,
      5.17714858e-1,
      5.83681703e-1,
      7.20792234e-1,
      9.44588423e-1,
      1.0,
      9.65888202e-1,
      8.63380432e-1,
      7.16887653e-1,
      5.34431934e-1,
      3.26794088e-1,
      2.8890714e-2,
      0.0,
      2.58731842e-3,
      1.76253453e-1,
      3.1974107e-1,
      1.76346987e-1
    ],
    [
      1.20426953e-1,
      4.02470529e-1,
      5.80079198e-1,
      6.92885935e-1,
      8.71013761e-1,
      1.0,
      1.0,
      9.56718087e-1,
      8.1997025e-1,
      6.52758062e-1,
      4.70875472e-1,
      2.64398366e-1,
      1.63591132e-2,
      0.0,
      0.0,
      1.01796746e-1,
      2.85651237e-1,
      1.72042102e-1
    ],
    [
      9.14062113e-2,
      3.80835921e-1,
      6.07601702e-1,
      7.63368428e-1,
      9.51313078e-1,
      1.0,
      1.0,
      9.32728708e-1,
      7.81514585e-1,
      5.98406136e-1,
      4.19794559e-1,
      2.35134125e-1,
      2.16903612e-2,
      0.0,
      0.0,
      7.85153881e-2,
      2.74522573e-1,
      1.44829363e-1
    ],
    [
      5.44513389e-2,
      3.23806226e-1,
      5.83557725e-1,
      7.66915083e-1,
      9.34593618e-1,
      1.0,
      9.99672949e-1,
      8.86368632e-1,
      7.05934346e-1,
      4.66726482e-1,
      3.64061922e-1,
      1.88239455e-1,
      7.59676099e-4,
      0.0,
      0.0,
      1.06019691e-1,
      2.65718549e-1,
      1.04898505e-1
    ],
    [
      1.86315179e-2,
      2.48493731e-1,
      5.23894012e-1,
      7.17909276e-1,
      8.5754025e-1,
      9.68432009e-1,
      9.52721357e-1,
      7.80879617e-1,
      5.97349584e-1,
      4.34361219e-1,
      2.70991325e-1,
      1.02532595e-1,
      0.0,
      0.0,
      0.0,
      1.57852426e-1,
      2.3683469e-1,
      4.43016663e-2
    ],
    [
      4.20843391e-3,
      1.91240191e-1,
      4.72983122e-1,
      6.62623525e-1,
      7.3807317e-1,
      7.32089281e-1,
      7.08922565e-1,
      6.34534836e-1,
      4.61074591e-1,
      2.9699111e-1,
      1.327779e-1,
      0.0,
      0.0,
      0.0,
      0.0,
      2.14258313e-1,
      1.8956691e-1,
      0.0
    ],
    [
      0.0,
      1.54270142e-1,
      4.37525213e-1,
      5.98296463e-1,
      5.89007795e-1,
      4.72124726e-1,
      4.16940212e-1,
      3.39050949e-1,
      1.40799299e-1,
      0.0,
      0.0,
      0.0,
      0.0,
      0.0,
      2.81309132e-2,
      2.29097337e-1,
      1.35773018e-1,
      0.0
    ],
    [
      0.0,
      1.41834676e-1,
      4.10918891e-1,
      5.38309157e-1,
      4.6272856e-1,
      2.87672341e-1,
      2.06432104e-1,
      1.11442551e-1,
      0.0,
      0.0,
      0.0,
      0.0,
      0.0,
      0.0,
      7.3746562e-2,
      2.43531838e-1,
      1.15697764e-1,
      0.0
    ],
    [
      0.0,
      1.31854177e-1,
      3.9596805e-1,
      5.0337559e-1,
      4.07114178e-1,
      2.22565144e-1,
      1.35175973e-1,
      3.74942645e-2,
      0.0,
      0.0,
      0.0,
      0.0,
      0.0,
      0.0,
      1.67001754e-1,
      2.44471133e-1,
      1.05728455e-1,
      0.0
    ],
    [
      0.0,
      1.09917104e-1,
      3.73364329e-1,
      5.08681953e-1,
      4.55447465e-1,
      3.03961635e-1,
      2.10429817e-1,
      1.46754444e-1,
      0.0,
      0.0,
      0.0,
      0.0,
      0.0,
      1.14552319e-1,
      2.7790615e-1,
      2.32652277e-1,
      9.81032848e-2,
      0.0
    ],
    [
      0.0,
      8.0465436e-2,
      3.24712306e-1,
      5.20019054e-1,
      5.820328e-1,
      5.29433608e-1,
      4.81494576e-1,
      4.89664078e-1,
      2.24597067e-1,
      0.0,
      0.0,
      2.34784018e-2,
      1.73900545e-1,
      3.05059254e-1,
      5.21058857e-1,
      6.31369829e-1,
      3.6289531e-1,
      0.0
    ],
    [
      0.0,
      4.07957099e-2,
      2.37080768e-1,
      4.60656166e-1,
      6.23160839e-1,
      7.20751345e-1,
      8.22465718e-1,
      1.0,
      9.89941776e-1,
      7.17575788e-1,
      5.63469291e-1,
      6.2425518e-1,
      8.04166436e-1,
      9.44232821e-1,
      7.90154576e-1,
      5.7329154e-1,
      2.94846743e-1,
      1.01967454e-2
    ],
    [
      0.0,
      1.63685437e-2,
      1.49873763e-1,
      3.36528957e-1,
      5.03888965e-1,
      6.7495203e-1,
      8.94680679e-1,
      1.0,
      1.0,
      1.0,
      1.0,
      1.0,
      9.24163461e-1,
      7.82210588e-1,
      5.9148252e-1,
      3.28657895e-1,
      7.64324516e-3,
      0.0
    ],
    [
      0.0,
      8.52490682e-3,
      1.11967005e-1,
      2.72017896e-1,
      4.24951911e-1,
      5.96305847e-1,
      8.40059161e-1,
      1.0,
      1.0,
      1.0,
      1.0,
      9.74432766e-1,
      8.63384187e-1,
      7.12497771e-1,
      5.03189087e-1,
      2.14503706e-1,
      0.0,
      0.0
    ],
    [
      0.0,
      1.63746122e-2,
      1.49893016e-1,
      3.36565793e-1,
      5.03936529e-1,
      6.7499578e-1,
      8.94699275e-1,
      1.0,
      1.0,
      1.0,
      1.0,
      1.0,
      9.24191952e-1,
